date,epsActual,epsEstimate,hour,quarter,revenueActual,revenueEstimate,symbol,year
2026-03-01,,,,3,,,CANN,2025
2026-03-01,,0.2084,bmo,4,,525980340.0,RDNT,2025
2026-03-01,,-0.8643,bmo,4,,0.0,AVBP,2025
2026-02-27,,0.0077,bmo,4,,227106396.0,GOGO,2025
2026-02-27,,0.2446,amc,4,,,HE,2025
2026-02-27,,1.1309,bmo,4,,286479682.0,DKL,2025
2026-02-27,,-0.4039,bmo,4,,1078760333.0,CLMT,2025
2026-02-27,,,,4,,,CPTP,2025
2026-02-27,,-0.0152,bmo,4,,228415923.0,SHO,2025
2026-02-27,,-0.0408,bmo,4,,23546700.0,DIBS,2025
2026-02-27,,-0.0035,,1,,,LVRO,2026
2026-02-27,,0.2584,bmo,4,,48950055.0,TCPC,2025
2026-02-27,,0.606,bmo,4,,7007004280.0,GLP,2025
2026-02-27,,0.1883,bmo,4,,824053410.0,AMRX,2025
2026-02-27,,-0.07,bmo,4,,115781653.0,VIA,2025
2026-02-27,,-0.2244,amc,4,,72012000.0,MKTW,2025
2026-02-27,,0.1326,bmo,4,,31998420.0,INTT,2025
2026-02-27,,,,4,,,PAI,2025
2026-02-27,,0.0306,bmo,4,,87088283.0,FLGT,2025
2026-02-27,,0.204,,4,,58698960.0,ESCA,2025
2026-02-27,,,,3,,,TPTW,2025
2026-02-27,,-0.2564,bmo,4,,2387371.0,PRME,2025
2026-02-27,,0.2928,,4,,1129802523.0,NIQ,2025
2026-02-27,,-0.7777,amc,4,,9363600.0,FDMT,2025
2026-02-27,,1.3904,bmo,4,,424243430.0,NWN,2025
2026-02-27,,0.2601,bmo,4,,174950400.0,GOGL,2025
2026-02-27,,-0.0918,amc,4,,22269996.0,UUUU,2025
2026-02-27,,,,3,,,FLYE,2026
2026-02-27,,0.357,bmo,4,,3449866735.0,BTSG,2025
2026-02-27,,-0.0963,amc,4,,0.0,CMPX,2025
2026-02-27,,-0.1983,bmo,4,,2655162252.0,DK,2025
2026-02-27,,0.1944,bmo,4,,54545050.0,ABR,2025
2026-02-27,,-0.227,amc,4,,11577000.0,RPID,2025
2026-02-27,,2.0353,bmo,4,,236164241.0,ANIP,2025
2026-02-27,,-0.3697,bmo,4,,0.0,ALXO,2025
2026-02-26,,-0.3284,bmo,4,,171217200.0,LIND,2025
2026-02-26,,-0.4299,amc,4,,170757336.0,FIP,2025
2026-02-26,,0.2075,bmo,4,,195077244.0,THRY,2025
2026-02-26,,1.478,bmo,4,,927738530.0,FCN,2025
2026-02-26,,0.5042,amc,4,,40162092.0,FDUS,2025
2026-02-26,,-1.061,amc,4,,12893881.0,ACLX,2025
2026-02-26,,0.0264,,4,,2226567927.0,QXO,2025
2026-02-26,,0.6271,amc,4,,3063119920.0,AES,2025
2026-02-26,,,amc,4,,,CLPR,2025
2026-02-26,,-0.005,amc,4,,6089118.0,ICG,2025
2026-02-26,,0.4929,amc,4,,2080741023.0,MNST,2025
2026-02-26,,2.0936,bmo,4,,254846663.0,INSW,2025
2026-02-26,,0.4794,amc,4,,69853170.0,BCSF,2025
2026-02-26,,3.7975,bmo,4,,1275740958.0,NXST,2025
2026-02-26,,0.3535,bmo,4,,15736810.0,EIC,2025
2026-02-26,,1.5732,amc,4,,617712703.0,GLOB,2025
2026-02-26,,0.4965,amc,4,,1917245611.0,CTRA,2025
2026-02-26,,-0.2714,bmo,4,,17344033.0,WVE,2025
2026-02-26,,3.0749,amc,4,,11273647138.0,CRM,2026
2026-02-26,,0.6797,amc,4,,456110950.0,BVN,2025
2026-02-26,,3.7717,bmo,4,,928495020.0,TFX,2025
2026-02-26,,1.6483,amc,4,,386102800.0,NNI,2025
2026-02-26,,0.8588,bmo,4,,244176168.0,TGLS,2025
2026-02-26,,0.9965,amc,4,,216852000.0,HRTG,2025
2026-02-26,,-0.8178,bmo,4,,15093960.0,KYMR,2025
2026-02-26,,-0.2932,bmo,4,,461458842.0,GOLF,2025
2026-02-26,,0.221,amc,4,,76342236.0,AUPH,2025
2026-02-26,,0.5833,amc,4,,1371741600.0,TPC,2025
2026-02-26,,1.5218,amc,4,,449761044.0,ICFI,2025
2026-02-26,,-0.0444,amc,4,,322800040.0,RLJ,2025
2026-02-26,,-0.0428,amc,4,,36550822.0,CDXS,2025
2026-02-26,,0.1292,amc,4,,124471875.0,GRND,2025
2026-02-26,,-0.1054,amc,4,,476397120.0,CLOV,2025
2026-02-26,,0.844,amc,4,,281485881.0,DUOL,2025
2026-02-26,,-0.017,amc,4,,12954000.0,AIRG,2025
2026-02-26,,-0.2652,,4,,80580000.0,TWNP,2025
2026-02-26,,0.2708,bmo,4,,403641096.0,FA,2025
2026-02-26,,0.1111,amc,4,,219675000.0,EBS,2025
2026-02-26,,-0.1046,amc,4,,222121983.0,PLUG,2025
2026-02-26,,0.0,,4,,7344000.0,SLAI,2025
2026-02-26,,0.9281,amc,2,,822768552.0,ZS,2026
2026-02-26,,-0.5151,amc,4,,160842500.0,BHR,2025
2026-02-26,,-0.0008,amc,4,,236149493.0,CAI,2025
2026-02-26,,-0.0303,bmo,4,,679097063.0,RXT,2025
2026-02-26,,-0.2045,bmo,4,,91827030.0,SHEN,2025
2026-02-26,,0.5571,bmo,4,,383990128.0,PRKS,2025
2026-02-26,,-0.1151,amc,4,,135602472.0,AAOI,2025
2026-02-26,,,,4,,,ETHE,2025
2026-02-26,,1.0013,amc,4,,143355900.0,MAIN,2025
2026-02-26,,-0.0646,bmo,4,,20600940.0,DCTH,2025
2026-02-26,,-0.9739,bmo,4,,13041720.0,NTLA,2025
2026-02-26,,-0.4995,bmo,4,,80881338.0,NVAX,2025
2026-02-26,,2889.9999,bmo,4,,1075883719.0,AZUL,2025
2026-02-26,,0.1046,amc,4,,102186660.0,AMBA,2026
2026-02-26,,-0.0802,bmo,4,,1794860666.0,PENN,2025
2026-02-26,,3.1125,amc,4,,659665340.0,TLN,2025
2026-02-26,,-0.0646,bmo,4,,26443500.0,BFLY,2025
2026-02-26,,-0.34,bmo,4,,794265616.0,GTN,2025
2026-02-26,,-0.0332,,4,,339150.0,QUBT,2025
2026-02-26,,,,3,,,CRKN,2025
2026-02-26,,0.2142,amc,4,,176154000.0,ORGO,2025
2026-02-26,,0.389,bmo,4,,168301866.0,OPRA,2025
2026-02-26,,2.0294,amc,4,,5079713648.0,FLUT,2025
2026-02-26,,0.153,amc,4,,360954397.0,FOXF,2025
2026-02-26,,-0.0408,amc,4,,58331076.0,CTKB,2025
2026-02-26,,-0.0221,amc,4,,24563640.0,BLFS,2025
2026-02-26,,0.5049,bmo,4,,22038803.0,NREF,2025
2026-02-26,,-0.2754,amc,4,,0.0,GHRS,2025
2026-02-26,,0.6875,bmo,4,,311732400.0,INDV,2025
2026-02-26,,0.0379,amc,4,,194513663.0,REAL,2025
2026-02-26,,0.3672,amc,4,,524809125.0,TTEC,2025
2026-02-26,,-0.2508,amc,4,,7577525.0,PCT,2025
2026-02-26,,5.5328,bmo,4,,34059118758.0,VIPS,2025
2026-02-26,,-0.1918,amc,4,,105570.0,CRDF,2025
2026-02-26,,0.1689,amc,4,,215024293.0,DV,2025
2026-02-26,,0.1652,amc,4,,153106467.0,FIGR,2025
2026-02-26,,-0.269,amc,4,,164383643.0,SG,2025
2026-02-26,,-0.1392,amc,4,,46697823.0,WULF,2025
2026-02-26,,0.3791,amc,4,,283367362.0,CUBE,2025
2026-02-26,,0.537,bmo,4,,393336420.0,SMP,2025
2026-02-26,,-0.0918,amc,4,,7885620.0,CCEL,2025
2026-02-26,,-0.1559,amc,4,,1023453444.0,ALHC,2025
2026-02-26,,-0.031,amc,4,,9399212893.0,WBD,2025
2026-02-26,,0.5042,amc,4,,99106260.0,MSDL,2025
2026-02-26,,0.085,amc,4,,123247324.0,AVDX,2025
2026-02-26,,-0.4352,bmo,4,,173576796.0,CVEO,2025
2026-02-26,,-0.1088,amc,4,,5517516.0,DAIO,2025
2026-02-26,,0.816,bmo,4,,473976486.0,ACIW,2025
2026-02-26,,-0.2856,amc,4,,0.0,NVNO,2025
2026-02-26,,0.0909,amc,4,,113169081.0,AVPT,2025
2026-02-26,,0.0663,bmo,4,,59292345.0,CDRO,2025
2026-02-26,,0.0195,bmo,4,,1304445941.0,AMBP,2025
2026-02-26,,-1.4003,amc,4,,4833096.0,CRNX,2025
2026-02-26,,-0.1162,amc,4,,6060000.0,MBI,2025
2026-02-26,,-0.0533,amc,4,,620551827.0,RUN,2025
2026-02-26,,0.969,bmo,4,,1561171200.0,TIGO,2025
2026-02-26,,0.0506,amc,4,,162000820.0,OS,2025
2026-02-26,,0.3761,amc,4,,82202238.0,MFIC,2025
2026-02-26,,-0.8721,amc,4,,26242560.0,BDSX,2025
2026-02-26,,0.1122,amc,4,,78247260.0,LASR,2025
2026-02-26,,0.3987,bmo,4,,218727871.0,VITL,2025
2026-02-26,,0.3546,bmo,4,,409818150.0,SHAK,2025
2026-02-26,,-0.0137,amc,4,,75327329.0,EB,2025
2026-02-26,,-0.1282,amc,4,,262607078.0,MARA,2025
2026-02-26,,0.8568,amc,4,,92259000.0,WLDN,2025
2026-02-26,,2.6927,amc,4,,1949133963.0,ADSK,2026
2026-02-26,,,,3,,,AWF,2026
2026-02-26,,0.1938,amc,4,,69972000.0,PBYI,2025
2026-02-26,,0.1402,bmo,4,,673532703.0,PLTK,2025
2026-02-26,,2.3725,bmo,4,,210489240.0,COLL,2025
2026-02-26,,0.8975,bmo,2,,907727400.0,DCI,2026
2026-02-26,,0.1663,amc,4,,169278353.0,GDEN,2025
2026-02-26,,0.9225,amc,4,,204432306.0,PCRX,2025
2026-02-26,,-0.3891,bmo,4,,58190775.0,PHAT,2025
2026-02-26,,0.1291,amc,4,,171639470.0,IAS,2025
2026-02-26,,0.3502,amc,4,,13538796.0,GECC,2025
2026-02-26,,-0.1714,amc,4,,24735000.0,ALDX,2025
2026-02-26,,0.0,,4,,14349070.0,CTM,2025
2026-02-26,,0.2947,amc,4,,359027250.0,BWIN,2025
2026-02-26,,0.5993,bmo,4,,448945000.0,KOP,2025
2026-02-26,,0.9307,amc,4,,725624400.0,ACA,2025
2026-02-26,,-0.299,amc,4,,17730996.0,PSNL,2025
2026-02-26,,0.0524,amc,4,,36249525.0,EXFY,2025
2026-02-26,,0.7373,bmo,4,,335657673.0,GCT,2025
2026-02-26,,-0.153,amc,4,,62617800.0,TMCI,2025
2026-02-26,,,,4,,,NTIP,2025
2026-02-26,,0.3035,amc,4,,60974988.0,OSPN,2025
2026-02-26,,-0.0918,bmo,4,,654330.0,ARBE,2025
2026-02-26,,9.8011,bmo,4,,33351332700.0,BIDU,2025
2026-02-26,,-0.0682,amc,4,,2106498016.0,SPR,2025
2026-02-26,,2.7899,bmo,4,,750549099.0,IBP,2025
2026-02-26,,0.2294,amc,4,,537377711.0,CON,2025
2026-02-26,,0.0627,amc,4,,61356070.0,DH,2025
2026-02-26,,1.5082,amc,4,,416480728.0,MASI,2025
2026-02-26,,-0.3264,amc,4,,4692000.0,SEER,2025
2026-02-26,,0.0147,bmo,4,,99556528.0,MNKD,2025
2026-02-26,,0.1538,bmo,4,,188602692.0,ECVT,2025
2026-02-26,,4.5858,bmo,4,,1505383254.0,BLD,2025
2026-02-26,,-0.0612,amc,4,,1720920417.0,COMP,2025
2026-02-26,,-0.0612,amc,4,,46858800.0,NRDY,2025
2026-02-26,,0.4359,bmo,4,,790948800.0,NOMD,2025
2026-02-26,,-0.5036,amc,4,,1579009072.0,CRWV,2025
2026-02-26,,0.0875,amc,4,,2277953899.0,RKT,2025
2026-02-26,,-0.0172,bmo,4,,6968850941.0,IQ,2025
2026-02-26,,0.2227,bmo,4,,187121723.0,CARS,2025
2026-02-26,,-0.2193,bmo,4,,29452500.0,ANIK,2025
2026-02-26,,6.7484,bmo,4,,4325992610.0,EME,2025
2026-02-26,,-0.4529,amc,4,,4409715.0,AEVA,2025
2026-02-26,,0.0408,,4,,10608000.0,AISP,2025
2026-02-26,,10.3428,amc,4,,3946063800.0,BWMX,2025
2026-02-26,,-1.0108,bmo,4,,0.0,MLTX,2025
2026-02-26,,1.2107,bmo,4,,4194076641.0,SRE,2025
2026-02-26,,-0.0942,amc,4,,182040848.0,RKLB,2025
2026-02-26,,0.7582,bmo,4,,270435996.0,ROCK,2025
2026-02-26,,-0.8228,bmo,4,,57092970.0,RYTM,2025
2026-02-26,,2.1087,amc,3,,1732671582.0,NTAP,2026
2026-02-26,,-0.0676,bmo,4,,3841105.0,QBTS,2025
2026-02-26,,0.0556,amc,4,,275840090.0,DRH,2025
2026-02-26,,2.3211,bmo,4,,1005691950.0,MIDD,2025
2026-02-26,,0.9584,bmo,4,,1924261655.0,KBR,2025
2026-02-26,,0.2103,bmo,4,,653650629.0,CELH,2025
2026-02-26,,0.9763,bmo,4,,223315646.0,DCO,2025
2026-02-26,,2.2912,bmo,3,,2339155889.0,SJM,2026
2026-02-26,,-0.0357,amc,4,,5780340.0,BRFH,2025
2026-02-26,,-0.0204,bmo,4,,40323996.0,HRTX,2025
2026-02-26,,0.2915,bmo,4,,696953530.0,VYX,2025
2026-02-26,,-0.2482,amc,4,,0.0,INMB,2025
2026-02-26,,0.3218,bmo,1,,3101393870.0,HRL,2026
2026-02-26,,,amc,4,,,SIGA,2025
2026-02-26,,-0.0938,amc,4,,9910320.0,TKNO,2025
2026-02-26,,1.6934,amc,4,,193415000.0,AGO,2025
2026-02-26,,2.5036,bmo,4,,5457715072.0,VST,2025
2026-02-26,,,,4,,,PUBC,2025
2026-02-26,,-0.8102,amc,4,,4615500.0,VRCA,2025
2026-02-26,,-0.2651,bmo,4,,407537525.0,TWI,2025
2026-02-26,,0.0843,bmo,4,,187040890.0,MCS,2025
2026-02-26,,0.0714,bmo,4,,10347900.0,OXSQ,2025
2026-02-26,,6.783,amc,4,,375783300.0,CABO,2025
2026-02-26,,0.1606,amc,4,,119955074.0,SPT,2025
2026-02-26,,0.1141,bmo,4,,105256492.0,CERT,2025
2026-02-26,,-0.5202,amc,4,,,LSTA,2025
2026-02-26,,0.0222,amc,4,,168407100.0,FIGS,2025
2026-02-26,,,,4,,,HKD,2025
2026-02-26,,-0.0816,amc,4,,63822420.0,FLNT,2025
2026-02-26,,0.1973,bmo,4,,130581165.0,LOAR,2025
2026-02-26,,-1.2112,amc,4,,0.0,XENE,2025
2026-02-26,,,,1,,,NRT,2026
2026-02-26,,0.0202,bmo,4,,52851785.0,DSX,2025
2026-02-26,,0.2104,bmo,4,,1539210702.0,PRMB,2025
2026-02-26,,-0.0678,amc,4,,141154711.0,OPK,2025
2026-02-26,,0.0123,bmo,4,,453348398.0,CCO,2025
2026-02-26,,3.9663,bmo,4,,5575944814.0,LNG,2025
2026-02-26,,-0.343,amc,4,,61148428.0,KIDS,2025
2026-02-26,,-0.7926,amc,4,,0.0,SYRE,2025
2026-02-26,,0.0316,bmo,4,,394449300.0,DNUT,2025
2026-02-26,,-0.5202,bmo,4,,2020298384.0,HTZ,2025
2026-02-26,,-0.016,amc,4,,55069463.0,SOUN,2025
2026-02-26,,0.0357,bmo,4,,576845893.0,PRVA,2025
2026-02-26,,0.1061,bmo,4,,94990500.0,PRM,2025
2026-02-26,,0.2448,amc,4,,247995323.0,OPRT,2025
2026-02-26,,0.2596,amc,4,,39591871.0,ASUR,2025
2026-02-26,,-0.1827,bmo,4,,95747655.0,EOSE,2025
2026-02-26,,0.4293,bmo,4,,48232550.0,ACU,2025
2026-02-26,,0.4223,bmo,4,,31086203.0,PSBD,2025
2026-02-26,,-0.0112,amc,4,,76734875.0,PUBM,2025
2026-02-26,,-0.7777,amc,4,,0.0,DYN,2025
2026-02-26,,0.4366,bmo,4,,50545590.0,NCDL,2025
2026-02-26,,,bmo,4,,,SOHO,2025
2026-02-26,,0.3116,bmo,4,,193261613.0,FLOC,2025
2026-02-26,,1.622,bmo,4,,1233658196.0,FOUR,2025
2026-02-26,,0.8163,bmo,4,,438213868.0,IART,2025
2026-02-26,,0.2836,amc,4,,945623058.0,XRAY,2025
2026-02-26,,0.5438,bmo,4,,3603030833.0,VTRS,2025
2026-02-26,,1.0167,bmo,4,,1367337373.0,HGV,2025
2026-02-26,,0.0204,amc,4,,29926800.0,KVHI,2025
2026-02-26,,0.0554,bmo,4,,217367732.0,WRBY,2025
2026-02-26,,1.3848,amc,4,,1170012828.0,NATL,2025
2026-02-26,,2.4981,amc,4,,1367566593.0,BCO,2025
2026-02-26,,0.718,bmo,4,,2709342301.0,PEG,2025
2026-02-26,,0.1346,amc,4,,430055796.0,FTDR,2025
2026-02-26,,0.1416,bmo,4,,78845044.0,KRP,2025
2026-02-26,,0.1686,amc,4,,139451595.0,ARLO,2025
2026-02-26,,-0.5117,amc,4,,0.0,DFTX,2025
2026-02-26,,0.4407,bmo,4,,514009200.0,WWW,2025
2026-02-26,,0.8384,bmo,4,,595525296.0,ENOV,2025
2026-02-26,,1.5255,amc,4,,1999749882.0,SOLV,2025
2026-02-26,,0.215,amc,4,,70855830.0,INOD,2025
2026-02-26,,,,4,,,SPRS,2025
2026-02-26,,-0.2958,amc,4,,499352016.0,ALTG,2025
2026-02-26,,-0.356,bmo,4,,596500284.0,TDAY,2025
2026-02-26,,0.8095,bmo,4,,1123910796.0,PRGO,2025
2026-02-26,,-0.5958,amc,4,,65247023.0,SNDX,2025
2026-02-26,,0.3483,bmo,4,,525301968.0,PZZA,2025
2026-02-26,,-0.4197,bmo,4,,176821804.0,NVCR,2025
2026-02-26,,0.0379,amc,4,,117896512.0,PAR,2025
2026-02-26,,0.3582,amc,4,,124820664.0,ARIS,2025
2026-02-26,,0.3863,bmo,4,,2015077240.0,LKNCY,2025
2026-02-26,,-0.1326,amc,4,,8654770.0,SMR,2025
2026-02-26,,0.3978,bmo,4,,92944735.0,VCEL,2025
2026-02-26,,0.0493,bmo,4,,154352632.0,BCRX,2025
2026-02-26,,1.2703,bmo,4,,353972550.0,WD,2025
2026-02-26,,0.4984,amc,4,,802679483.0,NEXA,2025
2026-02-26,,3.8682,amc,4,,740668624.0,SBAC,2025
2026-02-26,,0.593,bmo,4,,1182246300.0,Q,2025
2026-02-26,,-0.1803,bmo,4,,281915635.0,DQ,2025
2026-02-26,,,,4,,,RMT,2025
2026-02-26,,-0.9646,bmo,4,,193535190.0,HPP,2025
2026-02-26,,1.965,amc,4,,3749659592.0,MTZ,2025
2026-02-26,,0.9102,amc,4,,241554564.0,EVTC,2025
2026-02-26,,1.5926,bmo,4,,56700667.0,LGND,2025
2026-02-26,,-0.2783,amc,4,,80628817.0,CSTL,2025
2026-02-26,,0.0056,amc,4,,76236819.0,MP,2025
2026-02-26,,,,4,,,CAWW,2025
2026-02-26,,,,4,,,AUST,2025
2026-02-26,,-0.0077,bmo,4,,49340664.0,AKBA,2025
2026-02-26,,0.1479,amc,4,,313602774.0,PGNY,2025
2026-02-26,,0.0589,bmo,4,,288361242.0,PAYO,2025
2026-02-26,,0.1576,amc,4,,614206684.0,AHR,2025
2026-02-26,,-0.9588,amc,4,,0.0,AKRO,2025
2026-02-26,,1.1926,bmo,4,,375176063.0,LNTH,2025
2026-02-26,,,,4,,,FCUV,2025
2026-02-26,,0.0325,amc,4,,9340049475.0,CPNG,2025
2026-02-26,,0.1634,bmo,4,,678526542.0,FTRE,2025
2026-02-26,,1.4416,amc,4,,328677996.0,STRA,2025
2026-02-26,,,amc,4,,,HEPS,2025
2026-02-26,,0.6641,amc,4,,6321912301.0,XYZ,2025
2026-02-26,,0.0513,amc,4,,69331266.0,VTEX,2025
2026-02-26,,,bmo,4,,,QVCGA,2025
2026-02-26,,0.9407,amc,4,,194289600.0,AMPH,2025
2026-02-26,,,,4,,,NRBT,2025
2026-02-26,,3.7396,amc,2,,4622756871.0,INTU,2026
2026-02-26,,-0.0357,amc,4,,714000.0,ABUS,2025
2026-02-26,,-0.1285,amc,4,,31140600.0,MDXH,2025
2026-02-26,,0.505,amc,4,,219574000.0,HTO,2025
2026-02-26,,0.0102,bmo,4,,76890660.0,ABTC,2025
2026-02-26,,-0.1428,bmo,4,,0.0,NAUT,2025
2026-02-26,,0.0957,amc,4,,358335812.0,ARHS,2025
2026-02-26,,0.359,amc,4,,89125223.0,GSBD,2025
2026-02-26,,0.4539,bmo,4,,1554140003.0,VISN,2025
2026-02-26,,0.8535,amc,4,,339440547.0,TDW,2025
2026-02-26,,-0.4115,amc,4,,5064871.0,RLAY,2025
2026-02-26,,0.8156,amc,4,,95064563.0,NHI,2025
2026-02-26,,-0.0221,amc,4,,74911962.0,XPOF,2025
2026-02-26,,0.002,bmo,4,,144543120.0,TRS,2025
2026-02-26,,2.1114,bmo,4,,194352156.0,CRAI,2025
2026-02-26,,0.408,bmo,4,,246112566.0,ACMR,2025
2026-02-26,,0.3701,amc,4,,36687186.0,MSIF,2025
2026-02-26,,-0.5305,amc,4,,604264860.0,NTRA,2025
2026-02-26,,-0.2264,bmo,4,,37796610.0,BKSY,2025
2026-02-26,,0.2626,bmo,4,,385640654.0,BSY,2025
2026-02-26,,0.2727,amc,4,,73879480.0,BFS,2025
2026-02-26,,0.6589,amc,3,,447061369.0,ESTC,2026
2026-02-26,,0.0356,bmo,4,,331440432.0,HGTY,2025
2026-02-26,,0.6522,bmo,4,,1159240125.0,DFH,2025
2026-02-26,,,,4,,,CBFC,2025
2026-02-25,,-3.1916,amc,4,,139885000.0,FAT,2025
2026-02-25,,0.5281,bmo,4,,82327770.0,TRIN,2025
2026-02-25,,0.041,bmo,4,,1182105343.0,PNW,2025
2026-02-25,,-0.3876,bmo,4,,95574000.0,CSTE,2025
2026-02-25,,-0.2448,amc,4,,20731836.0,SITC,2025
2026-02-25,,0.1795,bmo,4,,548472360.0,TBLA,2025
2026-02-25,,0.2499,amc,4,,1590193260.0,SARO,2025
2026-02-25,,-1.0433,amc,4,,36992003.0,RCUS,2025
2026-02-25,,0.5176,amc,4,,334265125.0,KGS,2025
2026-02-25,,1.284,amc,1,,1179664405.0,HEI,2026
2026-02-25,,-0.0816,,4,,8466000.0,USEA,2025
2026-02-25,,0.3355,bmo,4,,387994362.0,ALKS,2025
2026-02-25,,-0.4345,amc,4,,14792040.0,CARL,2025
2026-02-25,,0.1717,amc,4,,184891175.0,NSA,2025
2026-02-25,,0.0102,bmo,2,,192780000.0,MANU,2026
2026-02-25,,0.3529,bmo,4,,133243875.0,GLNG,2025
2026-02-25,,0.1996,bmo,4,,755431125.0,CTRI,2025
2026-02-25,,-0.0017,bmo,4,,383831895.0,LFST,2025
2026-02-25,,-0.0644,amc,4,,717.0,ALT,2025
2026-02-25,,-0.0184,amc,4,,163256100.0,SKYT,2025
2026-02-25,,0.5412,amc,4,,365449198.0,FSK,2025
2026-02-25,,0.0051,amc,4,,342065364.0,SDRL,2025
2026-02-25,,0.1887,amc,4,,142188000.0,ADMA,2025
2026-02-25,,,,4,,,TTSH,2025
2026-02-25,,-0.0505,bmo,4,,40383840.0,LAW,2025
2026-02-25,,-0.0765,amc,4,,113401648.0,ZIP,2025
2026-02-25,,0.3659,amc,4,,309798184.0,TASK,2025
2026-02-25,,0.0583,amc,4,,76834947.0,STAA,2025
2026-02-25,,0.0592,bmo,4,,816065871.0,ACHC,2025
2026-02-25,,1.3308,amc,4,,1090247400.0,CHRD,2025
2026-02-25,,0.393,amc,4,,53195719.0,LB,2025
2026-02-25,,-0.0102,amc,4,,84890071.0,IBTA,2025
2026-02-25,,0.2929,bmo,4,,238075856.0,YOU,2025
2026-02-25,,0.7013,amc,4,,262412003.0,NGVT,2025
2026-02-25,,-0.3098,amc,4,,6589200.0,CCCC,2025
2026-02-25,,0.4284,bmo,4,,498933000.0,STWD,2025
2026-02-25,,0.197,amc,4,,148828550.0,LXU,2025
2026-02-25,,-0.582,bmo,4,,53663000.0,BATRA,2025
2026-02-25,,1.7462,amc,4,,259405890.0,MGRC,2025
2026-02-25,,0.4545,amc,4,,48800927.0,EFC,2025
2026-02-25,,-0.8262,amc,4,,2040000.0,WATT,2025
2026-02-25,,-0.9898,bmo,1,,632594310.0,HOV,2026
2026-02-25,,0.1224,bmo,4,,124494315.0,HIPO,2025
2026-02-25,,0.4266,amc,4,,623832000.0,WTRG,2025
2026-02-25,,0.3608,amc,4,,198032724.0,MGNI,2025
2026-02-25,,2.1395,amc,4,,430633800.0,ECPG,2025
2026-02-25,,0.4153,amc,4,,386437026.0,AROC,2025
2026-02-25,,0.0429,amc,4,,69384980.0,UMH,2025
2026-02-25,,-0.1524,amc,4,,239685720.0,RDFN,2025
2026-02-25,,1.0959,amc,4,,703625070.0,FIHL,2025
2026-02-25,,-0.0606,amc,4,,175875744.0,INN,2025
2026-02-25,,-0.5365,amc,4,,0.0,ETNB,2025
2026-02-25,,0.6069,amc,4,,81916200.0,AMSF,2025
2026-02-25,,,,4,,,MCI,2025
2026-02-25,,0.68,amc,4,,204433061.0,USPH,2025
2026-02-25,,1.0302,bmo,4,,521056980.0,AVA,2025
2026-02-25,,0.2224,amc,4,,116688000.0,ZIMV,2025
2026-02-25,,-0.4444,amc,4,,398259160.0,SVC,2025
2026-02-25,,0.2463,amc,4,,168402000.0,VECO,2025
2026-02-25,,0.4449,amc,4,,40877183.0,CCAP,2025
2026-02-25,,3.3281,amc,4,,2043189468.0,ICLR,2025
2026-02-25,,0.6319,amc,4,,260620531.0,ORA,2025
2026-02-25,,0.1071,amc,4,,2448000.0,CHMI,2025
2026-02-25,,0.9888,bmo,4,,44908000.0,CRAWA,2025
2026-02-25,,-0.3274,amc,4,,567120.0,TNGX,2025
2026-02-25,,-0.2415,amc,4,,146637413.0,METC,2025
2026-02-25,,0.2193,amc,4,,136293930.0,VCYT,2025
2026-02-25,,-0.1967,amc,4,,17301576.0,JOBY,2025
2026-02-25,,0.6554,amc,4,,329898345.0,BBSI,2025
2026-02-25,,0.3101,bmo,4,,264503415.0,BKV,2025
2026-02-25,,-1.6123,amc,4,,4220250.0,RVMD,2025
2026-02-25,,0.6528,,4,,,MGEE,2025
2026-02-25,,-0.2489,bmo,4,,45138233.0,ASPN,2025
2026-02-25,,1.3526,bmo,4,,866739832.0,SWX,2025
2026-02-25,,0.3486,amc,4,,904751872.0,CRGY,2025
2026-02-25,,0.1607,amc,1,,8460135.0,CCIF,2026
2026-02-25,,1.5513,amc,4,,66997920159.0,NVDA,2026
2026-02-25,,0.0748,amc,4,,109068600.0,MDXG,2025
2026-02-25,,0.1988,amc,4,,3875811926.0,NU,2025
2026-02-25,,-1.2243,amc,4,,8302636.0,MRUS,2025
2026-02-25,,-0.0323,bmo,4,,51428910.0,GERN,2025
2026-02-25,,0.1836,amc,4,,35292000.0,SPOK,2025
2026-02-25,,-1.1975,amc,4,,0.0,IMNN,2025
2026-02-25,,1.2852,amc,4,,171108060.0,CLMB,2025
2026-02-25,,1.6626,,4,,,IBOC,2025
2026-02-25,,0.4678,amc,4,,123147741.0,IMAX,2025
2026-02-25,,-0.009,amc,4,,215956062.0,ARRY,2025
2026-02-25,,0.1292,bmo,4,,2365611203.0,DOLE,2025
2026-02-25,,0.4804,bmo,4,,768451108.0,SHOO,2025
2026-02-25,,-1.4696,amc,4,,37460900.0,DNA,2025
2026-02-25,,,amc,4,,,LTBR,2025
2026-02-25,,0.1511,amc,4,,71211882.0,STSFF,2025
2026-02-25,,0.4563,bmo,4,,127513943.0,XPEL,2025
2026-02-25,,0.1192,amc,4,,41882882.0,WSR,2025
2026-02-25,,-1.3399,amc,4,,399762837.0,SRPT,2025
2026-02-25,,0.8976,amc,4,,407490000.0,VTOL,2025
2026-02-25,,0.282,bmo,4,,484780775.0,DRVN,2025
2026-02-25,,0.4188,bmo,4,,2111025644.0,APG,2025
2026-02-25,,0.0882,bmo,4,,789471156.0,UWMC,2025
2026-02-25,,0.6508,amc,4,,1864084532.0,APA,2025
2026-02-25,,1.0797,bmo,4,,550982128.0,FSS,2025
2026-02-25,,-0.0102,amc,4,,1848447570.0,ARKO,2025
2026-02-25,,-0.1224,bmo,4,,1405588896.0,LINE,2025
2026-02-25,,0.3333,amc,4,,241491000.0,CWT,2025
2026-02-25,,-0.1224,bmo,4,,68559555.0,CLDT,2025
2026-02-25,,0.5128,bmo,4,,134922795.0,MGPI,2025
2026-02-25,,0.0102,bmo,4,,51951996.0,IRWD,2025
2026-02-25,,0.3427,amc,4,,144874680.0,CPRX,2025
2026-02-25,,0.698,amc,4,,1029550168.0,VICI,2025
2026-02-25,,1.5328,amc,4,,1269470498.0,ZM,2026
2026-02-25,,0.5457,bmo,1,,225055350.0,PLAB,2026
2026-02-25,,1.6644,amc,4,,482705820.0,GRBK,2025
2026-02-25,,0.8017,bmo,4,,367526838.0,BXSL,2025
2026-02-25,,0.1034,amc,4,,114004675.0,ARQT,2025
2026-02-25,,1.0898,bmo,4,,230355032.0,DIN,2025
2026-02-25,,0.4182,amc,4,,124134000.0,MIAX,2025
2026-02-25,,0.1357,amc,4,,298387852.0,ACAD,2025
2026-02-25,,0.1894,amc,4,,63159420.0,TWFG,2025
2026-02-25,,0.0,bmo,4,,51631380.0,AMRN,2025
2026-02-25,,0.2142,bmo,3,,338565203.0,CRMT,2026
2026-02-25,,0.2938,bmo,4,,11370705.0,AOMR,2025
2026-02-25,,-0.2986,amc,4,,557550300.0,SSP,2025
2026-02-25,,-0.1442,amc,4,,239990000.0,KW,2025
2026-02-25,,-0.0396,bmo,4,,18962750.0,VLN,2025
2026-02-25,,0.6766,amc,4,,254930640.0,SBLK,2025
2026-02-25,,7.1382,amc,4,,665675345.0,CHE,2025
2026-02-25,,0.7171,amc,4,,182552278.0,EPR,2025
2026-02-25,,-0.333,amc,4,,41195943.0,IONQ,2025
2026-02-25,,-0.0612,amc,4,,20706000.0,SGMO,2025
2026-02-25,,0.8314,bmo,4,,360378688.0,LIVN,2025
2026-02-25,,0.322,amc,4,,280476835.0,PNTG,2025
2026-02-25,,2.5072,amc,4,,324621324.0,EHTH,2025
2026-02-25,,0.0796,amc,4,,286493662.0,ADTN,2025
2026-02-25,,0.2866,amc,4,,1346651355.0,PR,2025
2026-02-25,,-0.2525,amc,4,,855315900.0,SBGI,2025
2026-02-25,,-0.051,amc,4,,60354930.0,PARK,2025
2026-02-25,,0.6338,amc,4,,124448843.0,NWPX,2025
2026-02-25,,-0.7652,amc,4,,1275000.0,DNLI,2025
2026-02-25,,0.5828,amc,4,,253278457.0,WHD,2025
2026-02-25,,-0.2996,amc,4,,351141084.0,PEB,2025
2026-02-25,,0.2448,amc,4,,94656000.0,LXFR,2025
2026-02-25,,,,4,,,EOS,2025
2026-02-25,,-0.0505,amc,4,,119080686.0,GNL,2025
2026-02-25,,,,4,,,ETB,2025
2026-02-25,,,,4,,,EMD,2025
2026-02-25,,2.1838,amc,4,,585436435.0,DORM,2025
2026-02-25,,-0.0204,amc,4,,72644400.0,GSAT,2025
2026-02-25,,-0.1906,amc,4,,103385872.0,RDW,2025
2026-02-25,,-0.339,amc,4,,30719340.0,RXST,2025
2026-02-25,,0.2901,amc,4,,537840900.0,KNTK,2025
2026-02-25,,1.4079,bmo,4,,2239175524.0,OC,2025
2026-02-25,,0.0663,amc,4,,37935330.0,GMRE,2025
2026-02-25,,0.6645,bmo,4,,1016858910.0,NMRK,2025
2026-02-25,,0.2958,amc,4,,122400000.0,GPRK,2025
2026-02-25,,7.0096,bmo,4,,832857815.0,UTHR,2025
2026-02-25,,,amc,4,,,HBB,2025
2026-02-25,,-0.4023,amc,4,,0.0,CMPS,2025
2026-02-25,,0.7764,amc,4,,522041154.0,NOG,2025
2026-02-25,,0.3038,amc,4,,1035276613.0,TKO,2025
2026-02-25,,0.1761,amc,4,,45614963.0,XZO,2025
2026-02-25,,-0.0765,bmo,4,,16320000.0,INVZ,2025
2026-02-25,,-0.4746,amc,4,,0.0,GPCR,2025
2026-02-25,,,,4,,,MDRR,2025
2026-02-25,,0.6735,amc,4,,64246281.0,LMAT,2025
2026-02-25,,1.3812,amc,4,,2935681849.0,EBAY,2025
2026-02-25,,,,4,,,DHIL,2025
2026-02-25,,,,4,,,FFC,2025
2026-02-25,,-0.0087,amc,4,,8299917480.0,PSKY,2025
2026-02-25,,3.6749,amc,1,,2437774051.0,SNPS,2026
2026-02-25,,2.8356,,4,,20748840.0,WINA,2025
2026-02-25,,0.0433,amc,4,,144642252.0,MIRM,2025
2026-02-25,,0.2213,amc,4,,116290608.0,XPER,2025
2026-02-25,,0.2775,amc,4,,1279764287.0,SNOW,2026
2026-02-25,,-0.1877,amc,4,,85064062.0,SDGR,2025
2026-02-25,,0.7945,bmo,4,,932861250.0,TPH,2025
2026-02-25,,-0.0918,amc,4,,181130580.0,PGRE,2025
2026-02-25,,0.6566,amc,4,,1052180704.0,PSTG,2026
2026-02-25,,0.725,amc,4,,90318592.0,SLNO,2025
2026-02-25,,-0.6666,amc,4,,583813663.0,CBZ,2025
2026-02-25,,-0.2975,amc,3,,77884243.0,AI,2026
2026-02-25,,0.8708,amc,4,,293517117.0,VSEC,2025
2026-02-25,,,,4,,,NHC,2025
2026-02-25,,,,4,,,EQC,2025
2026-02-25,,0.2368,amc,4,,187466820.0,JAMF,2025
2026-02-25,,-0.322,bmo,4,,25077424.0,RXRX,2025
2026-02-25,,1.2856,amc,4,,711360750.0,FTAI,2025
2026-02-25,,0.4996,amc,4,,513775486.0,OUT,2025
2026-02-25,,0.1428,amc,4,,122729970.0,ALKT,2025
2026-02-25,,2.2736,amc,4,,653076715.0,STRL,2025
2026-02-25,,,amc,4,,,JOE,2025
2026-02-25,,-0.0272,amc,4,,40973400.0,ZVIA,2025
2026-02-25,,0.1326,amc,4,,482296800.0,CODI,2025
2026-02-25,,0.2869,bmo,4,,338715612.0,HAYW,2025
2026-02-25,,0.8466,bmo,4,,381689610.0,ASTE,2025
2026-02-25,,-0.1798,amc,4,,10479704.0,ENVX,2025
2026-02-25,,-0.8288,amc,4,,59445600.0,PRSU,2025
2026-02-25,,2.0705,amc,4,,209928500.0,CPK,2025
2026-02-25,,0.5882,amc,4,,849081719.0,TTD,2025
2026-02-25,,0.8232,amc,4,,104625900.0,CSV,2025
2026-02-25,,0.6834,amc,4,,84160455.0,ERII,2025
2026-02-25,,5.9595,amc,4,,4547140482.0,UHS,2025
2026-02-25,,,,4,,,SBR,2025
2026-02-25,,-1.785,amc,4,,0.0,IRON,2025
2026-02-25,,1.9077,amc,4,,915911040.0,MYRG,2025
2026-02-25,,0.1717,bmo,4,,2172510000.0,IEP,2025
2026-02-25,,-0.5916,amc,4,,269554125.0,RRGB,2025
2026-02-25,,-0.2091,amc,4,,26972196.0,OSUR,2025
2026-02-25,,-0.1915,amc,4,,647939659.0,TDOC,2025
2026-02-25,,-0.0408,amc,4,,90377712.0,HNST,2025
2026-02-25,,0.1081,amc,4,,70226388.0,NPKI,2025
2026-02-25,,1.5857,amc,4,,1306496721.0,VAC,2025
2026-02-25,,-11.5645,amc,4,,268559000.0,AHT,2025
2026-02-25,,0.4563,amc,2,,724554409.0,NTNX,2026
2026-02-25,,1.0538,amc,4,,671634636.0,CHDN,2025
2026-02-25,,5.0949,amc,4,,59064120.0,ESEA,2025
2026-02-25,,1.396,amc,1,,1842772188.0,A,2026
2026-02-25,,0.1353,bmo,4,,152554440.0,ODD,2025
2026-02-25,,4.8517,amc,4,,226371300.0,HCI,2025
2026-02-25,,0.051,amc,4,,762967140.0,CAPL,2025
2026-02-25,,0.0934,amc,4,,197129106.0,GDRX,2025
2026-02-25,,-0.2713,amc,4,,1475982892.0,AGL,2025
2026-02-25,,0.178,amc,4,,215721666.0,NRDS,2025
2026-02-25,,-0.51,amc,4,,335240850.0,SNBR,2025
2026-02-25,,0.0969,amc,4,,105965250.0,DBRG,2025
2026-02-25,,-0.3142,amc,4,,390609000.0,ROOT,2025
2026-02-25,,0.0813,bmo,4,,28458000.0,ALLT,2025
2026-02-25,,0.2537,bmo,4,,7698190593.0,MDLN,2025
2026-02-25,,1.2823,amc,4,,1823087718.0,URBN,2026
2026-02-25,,0.2542,bmo,4,,756068431.0,CRCL,2025
2026-02-25,,0.0553,amc,4,,189607300.0,MEG,2025
2026-02-25,,0.333,amc,4,,286307555.0,EE,2025
2026-02-25,,-0.6817,amc,4,,0.0,JSPR,2025
2026-02-25,,-0.0723,amc,4,,50026369.0,MRVI,2025
2026-02-25,,-0.1564,amc,4,,589623495.0,CHYM,2025
2026-02-25,,0.9141,bmo,4,,720594266.0,HNI,2025
2026-02-25,,1.4022,bmo,4,,17529953839.0,TJX,2026
2026-02-25,,,,4,,,PLQC,2025
2026-02-25,,0.9991,amc,4,,130518792.0,SEZL,2025
2026-02-25,,0.2519,bmo,4,,1000748438.0,BLMN,2025
2026-02-25,,0.9284,amc,4,,803182896.0,SM,2025
2026-02-25,,0.6293,amc,4,,361585002.0,BJRI,2025
2026-02-24,,0.9199,bmo,4,,245091536.0,HRMY,2025
2026-02-24,,0.0138,bmo,4,,18396924.0,PERF,2025
2026-02-24,,0.1122,amc,4,,25588740.0,PSTL,2025
2026-02-24,,0.306,amc,4,,260034312.0,CORT,2025
2026-02-24,,0.3535,amc,4,,328113145.0,GIC,2025
2026-02-24,,0.3987,amc,4,,158834400.0,TMDX,2025
2026-02-24,,-0.757,amc,4,,149780431.0,BBIO,2025
2026-02-24,,0.1692,bmo,4,,616395006.0,CLVT,2025
2026-02-24,,0.4738,amc,4,,542797212.0,EXLS,2025
2026-02-24,,-0.0367,amc,4,,107768508.0,CLNE,2025
2026-02-24,,0.5338,amc,4,,1925760000.0,REZI,2025
2026-02-24,,0.4114,bmo,4,,357549096.0,TILE,2025
2026-02-24,,-0.3643,amc,4,,443870850.0,TALO,2025
2026-02-24,,0.2801,amc,4,,903742950.0,CSGP,2025
2026-02-24,,1.4936,bmo,4,,2712395531.0,AMT,2025
2026-02-24,,5.8048,amc,4,,375835024.0,GPOR,2025
2026-02-24,,0.4284,bmo,4,,319260000.0,WLKP,2025
2026-02-24,,-0.0505,amc,4,,71642330.0,VRE,2025
2026-02-24,,0.0024,amc,4,,171867108.0,MQ,2025
2026-02-24,,-0.3895,bmo,4,,203206276.0,APLS,2025
2026-02-24,,0.2642,amc,4,,182203844.0,ESPR,2025
2026-02-24,,0.1124,bmo,4,,187037298.0,XMTR,2025
2026-02-24,,0.2449,bmo,4,,302500837.0,SHC,2025
2026-02-24,,-0.2312,bmo,4,,561918000.0,NVRI,2025
2026-02-24,,-0.0153,amc,4,,1190925480.0,EXPI,2025
2026-02-24,,0.3238,amc,4,,80678328.0,NMFC,2025
2026-02-24,,0.0523,bmo,4,,191371604.0,PTLO,2025
2026-02-24,,11.7245,amc,4,,8637502871.0,MELI,2025
2026-02-24,,0.3949,amc,4,,1449756508.0,O,2025
2026-02-24,,0.7095,bmo,4,,295243200.0,AIN,2025
2026-02-24,,0.2707,amc,4,,165680400.0,SEI,2025
2026-02-24,,1.313,amc,4,,376719900.0,UVE,2025
2026-02-24,,-0.0707,amc,4,,18687020.0,LAB,2025
2026-02-24,,0.8054,bmo,4,,375249564.0,PLNT,2025
2026-02-24,,-0.0408,amc,4,,30621420.0,TYGO,2025
2026-02-24,,0.357,bmo,4,,848241690.0,AHCO,2025
2026-02-24,,-0.0791,amc,4,,1402500.0,HYLN,2025
2026-02-24,,0.4079,amc,4,,56650463.0,SLRC,2025
2026-02-24,,1.7028,bmo,4,,2772383299.0,FIS,2025
2026-02-24,,-1.4853,amc,4,,7049475.0,CYTK,2025
2026-02-24,,,bmo,4,,,CYD,2025
2026-02-24,,0.4668,bmo,4,,133426383.0,BOW,2025
2026-02-24,,-0.0202,amc,4,,17000572.0,FVR,2025
2026-02-24,,0.0697,bmo,4,,59930436.0,AXGN,2025
2026-02-24,,-0.3646,amc,4,,86751000.0,INGN,2025
2026-02-24,,-0.0157,amc,4,,147352311.0,TREX,2025
2026-02-24,,0.0958,amc,4,,278122457.0,CCC,2025
2026-02-24,,1.8258,,2,,7370101800.0,FERG,2026
2026-02-24,,1.0332,bmo,4,,6392185293.0,NRG,2025
2026-02-24,,0.8448,amc,4,,819114488.0,MTDR,2025
2026-02-24,,-0.0374,amc,4,,365052066.0,TEM,2025
2026-02-24,,1.6935,bmo,4,,404931523.0,AWI,2025
2026-02-24,,2.3708,amc,4,,2573638326.0,WDAY,2026
2026-02-24,,0.0833,amc,4,,144430000.0,STR,2025
2026-02-24,,0.3885,bmo,4,,242451174.0,DOCN,2025
2026-02-24,,0.6388,amc,4,,575376800.0,UIS,2025
2026-02-24,,-0.1632,amc,4,,48556722.0,DAWN,2025
2026-02-24,,1.3252,bmo,4,,3412000429.0,HSIC,2025
2026-02-24,,,,4,,,FUND,2025
2026-02-24,,0.1703,amc,4,,312369175.0,RVLV,2025
2026-02-24,,0.7684,amc,4,386000000.0,379751610.0,IPAR,2025
2026-02-24,,0.113,bmo,4,,1114797096.0,ELAN,2025
2026-02-24,,0.8976,bmo,4,,260671200.0,NOVT,2025
2026-02-24,,0.4848,bmo,4,,199446720.0,HVT,2025
2026-02-24,,0.0258,amc,4,,273002439.0,CAVA,2025
2026-02-24,,0.0738,bmo,4,,37410540.0,INFU,2025
2026-02-24,,5.2358,amc,4,,1594244965.0,FSLR,2025
2026-02-24,,0.4485,bmo,4,,196765027.0,RGEN,2025
2026-02-24,,1.9058,amc,4,,638504700.0,SPXC,2025
2026-02-24,,-0.2211,bmo,4,,65063892.0,ESTA,2025
2026-02-24,,0.153,amc,4,,51148583.0,SILA,2025
2026-02-24,,0.5252,amc,4,,1626100000.0,ODP,2025
2026-02-24,,0.2357,amc,4,,386817660.0,ZETA,2025
2026-02-24,,,,4,,,TIPT,2025
2026-02-24,,1.2362,amc,4,,34399590.0,LTC,2025
2026-02-24,,2.1096,bmo,4,,152053440.0,UFPT,2025
2026-02-24,,0.4947,amc,4,,136731000.0,RCKY,2025
2026-02-24,,1.6101,amc,4,,1297811484.0,GDDY,2025
2026-02-24,,,,4,,,JENA,2025
2026-02-24,,-0.6022,bmo,4,,35576814.0,ARVN,2025
2026-02-24,,-0.3153,amc,4,,0.0,FULC,2025
2026-02-24,,0.0583,amc,4,,473388323.0,EVH,2025
2026-02-24,,4.5594,amc,4,,864246000.0,MATX,2025
2026-02-24,,,,2,,,CIBN,2026
2026-02-24,,0.9732,amc,4,,397671021.0,MMSI,2025
2026-02-24,,-0.0094,amc,4,,149343085.0,FLYW,2025
2026-02-24,,,,4,,,QLUNF,2025
2026-02-24,,2.2141,amc,4,,5838517736.0,EOG,2025
2026-02-24,,,,4,,,TAKD,2025
2026-02-24,,-0.1122,amc,4,,49980000.0,PLYM,2025
2026-02-24,,0.8958,amc,4,,297187536.0,SLDE,2025
2026-02-24,,-0.3162,bmo,4,,223088892.0,OFIX,2025
2026-02-24,,0.4673,bmo,4,,1489398716.0,OPCH,2025
2026-02-24,,1.1236,amc,4,,370462717.0,PEN,2025
2026-02-24,,0.3188,amc,4,,246000682.0,VRRM,2025
2026-02-24,,0.1236,bmo,3,,143170000.0,GB,2026
2026-02-24,,-0.4267,amc,4,,710882187.0,BXC,2025
2026-02-24,,,,4,,,NRP,2025
2026-02-24,,1.298,amc,4,,1761803160.0,PARR,2025
2026-02-24,,0.3747,bmo,4,,1013503578.0,DRS,2025
2026-02-24,,-0.0861,amc,4,,124517724.0,CORZ,2025
2026-02-24,,-0.1007,bmo,4,,88583868.0,CIFR,2025
2026-02-24,,-0.1632,amc,4,,2550000.0,SLDP,2025
2026-02-24,,0.4988,amc,4,,3105142990.0,MOS,2025
2026-02-24,,,,4,,,TLF,2025
2026-02-24,,0.8046,amc,4,,61513040.0,AII,2025
2026-02-24,,0.288,bmo,4,,2057302090.0,AS,2025
2026-02-24,,0.0303,bmo,4,,268468100.0,XHR,2025
2026-02-24,,-0.1309,amc,4,,215607171.0,ATEC,2025
2026-02-24,,6.6474,amc,4,,1188538996.0,JAZZ,2025
2026-02-24,,-0.1775,amc,4,,6185025.0,ABCL,2025
2026-02-24,,1.1679,amc,4,,646154700.0,AMED,2025
2026-02-24,,-0.4206,amc,4,,24421350.0,CBLL,2025
2026-02-24,,-0.3468,bmo,4,,64066057.0,NXRT,2025
2026-02-24,,-0.5801,amc,4,,1173618212.0,CWH,2025
2026-02-24,,1.4928,bmo,4,,2888797590.0,EXPD,2025
2026-02-24,,-0.1751,bmo,4,,82321548.0,IOVA,2025
2026-02-24,,-0.1525,amc,4,,1313598677.0,AMC,2025
2026-02-24,,0.2917,bmo,4,,677459010.0,BRSL,2025
2026-02-24,,-1.3073,amc,4,,0.0,VERA,2025
2026-02-24,,0.3672,amc,4,,198461736.0,SUPN,2025
2026-02-24,,0.2295,amc,4,,33366750.0,LAND,2025
2026-02-24,,0.3299,amc,4,,144854028.0,SKT,2025
2026-02-24,,0.7712,amc,1,,14010263863.0,HPQ,2026
2026-02-24,,0.7306,amc,4,,744997331.0,RRC,2025
2026-02-24,,-0.3468,amc,4,,0.0,BBLG,2025
2026-02-24,,1.1723,amc,4,,815105021.0,GMED,2025
2026-02-24,,0.3278,bmo,4,,747919241.0,LTH,2025
2026-02-24,,0.612,amc,4,,241399575.0,ATRO,2025
2026-02-24,,-2.6887,amc,4,,478584000.0,LCID,2025
2026-02-24,,0.2439,amc,4,,105307737.0,CDNA,2025
2026-02-24,,0.253,bmo,4,,178194000.0,AVNS,2025
2026-02-24,,0.3968,amc,4,,514491838.0,SUI,2025
2026-02-24,,1.989,amc,4,,442291584.0,HURN,2025
2026-02-24,,,,1,,,MOBX,2026
2026-02-24,,0.5008,bmo,4,,165996258.0,IMXI,2025
2026-02-24,,2.2785,amc,4,,5352507120.0,CEG,2025
2026-02-24,,-1.441,bmo,4,,2632087633.0,WLK,2025
2026-02-24,,0.5949,bmo,4,,4404831462.0,KDP,2025
2026-02-24,,1.9022,amc,4,,936438336.0,LNW,2025
2026-02-24,,0.0713,bmo,4,,323272027.0,FWRG,2025
2026-02-24,,0.1405,bmo,4,,148280796.0,SHLS,2025
2026-02-24,,-0.2457,amc,4,,109455730.0,IMCR,2025
2026-02-24,,0.3825,amc,4,,69350993.0,CGBD,2025
2026-02-24,,-1.5797,amc,4,,0.0,PCVX,2025
2026-02-24,,0.7757,amc,4,,888364286.0,ECG,2025
2026-02-24,,0.8109,amc,4,,162078000.0,IGIC,2025
2026-02-24,,0.3958,bmo,4,,207863148.0,CECO,2025
2026-02-24,,-0.3307,amc,4,,96019821.0,PRCT,2025
2026-02-23,,0.394,bmo,4,,292449228.0,FRPT,2025
2026-02-23,,0.0606,amc,4,,,GNW,2025
2026-02-23,,1.5796,amc,4,,737626392.0,ALSN,2025
2026-02-23,,1.7877,amc,4,,470735750.0,KWR,2025
2026-02-23,,0.6273,amc,4,,100542420.0,FARO,2025
2026-02-23,,0.3592,bmo,4,,135457866.0,LINC,2025
2026-02-23,,0.3659,amc,4,,180356655.0,EVER,2025
2026-02-23,,1.5419,amc,4,,9387198812.0,OKE,2025
2026-02-23,,1.0079,amc,4,,2016793159.0,OVV,2025
2026-02-23,,-0.3366,amc,4,,54024300.0,ISPO,2025
2026-02-23,,-0.1071,amc,4,,38300857.0,BLZE,2025
2026-02-23,,1.4824,amc,4,,1146524625.0,CIVI,2025
2026-02-23,,-0.1285,amc,4,,56505164.0,SIBN,2025
2026-02-23,,0.6814,bmo,4,,3726364541.0,D,2025
2026-02-23,,0.0209,amc,4,,303700940.0,HLX,2025
2026-02-23,,1.6218,amc,4,,1048988400.0,ERIE,2025
2026-02-23,,0.7289,amc,4,,1225833323.0,VVX,2025
2026-02-23,,0.2555,amc,4,,212488850.0,PRA,2025
2026-02-23,,1.7591,amc,4,,379754160.0,ADUS,2025
2026-02-23,,0.229,amc,4,,513396600.0,UCTT,2025
2026-02-23,,0.399,bmo,4,,576306000.0,SCL,2025
2026-02-23,,-0.1836,,1,,5125500.0,OTLK,2026
2026-02-23,,0.1659,amc,4,,316904670.0,PAY,2025
2026-02-23,,0.2346,,4,,112850760.0,CPSS,2025
2026-02-23,,,,3,,,TESI,2025
2026-02-23,,-0.9869,amc,4,,6365636.0,IDYA,2025
2026-02-23,,0.1122,amc,4,,77720532.0,HSTM,2025
2026-02-23,,,,4,,,MSVB,2025
2026-02-23,,0.163,amc,4,,1465398758.0,BCC,2025
2026-02-23,,0.1618,amc,4,,334423442.0,KTOS,2025
2026-02-23,,1.0377,amc,4,,379600650.0,SKWD,2025
2026-02-23,,0.0093,amc,4,,62965691.0,BASE,2026
2026-02-23,,5.2677,amc,4,,2266586955.0,BHF,2025
2026-02-23,,0.6638,amc,4,,155753235.0,ADEA,2025
2026-02-23,,-0.6813,bmo,4,,196487077.0,AXSM,2025
2026-02-23,,-0.9559,amc,4,,7217601.0,BCYC,2025
2026-02-23,,,,4,,,BTO,2025
2026-02-23,,-0.2278,amc,4,,242992335.0,AESI,2025
2026-02-23,,-0.097,amc,4,,147456636.0,TARS,2025
2026-02-23,,1.7136,amc,4,,323132663.0,TNC,2025
2026-02-23,,-0.3825,amc,4,,104754000.0,CNNE,2025
2026-02-23,,0.5381,amc,4,,173372205.0,PLOW,2025
2026-02-23,,,,4,,,WENN,2025
2026-02-23,,0.0168,amc,4,,142389800.0,TTI,2025
2026-02-23,,,,4,,,WBHC,2025
2026-02-23,,-0.0162,amc,4,,211128861.0,MYGN,2025
2026-02-23,,1.2191,amc,4,,725008188.0,RHP,2025
2026-02-23,,-0.1112,amc,4,,185599903.0,ACVA,2025
2026-02-23,,,,4,,,CNDA,2025
2026-02-23,,1.1004,amc,4,,1429116492.0,UFPI,2025
2026-02-23,,-0.2788,amc,4,,118794636.0,OPAD,2025
2026-02-23,,,,4,,,BGFV,2025
2026-02-23,,,,4,,,AGIG,2025
2026-02-23,,0.2346,amc,4,,,BRDG,2025
2026-02-23,,-0.0816,bmo,4,,7600356.0,CRGO,2025
2026-02-23,,-0.1964,amc,4,,268215803.0,BBBY,2025
2026-02-23,,1.0119,amc,4,,1851783990.0,PRIM,2025
2026-02-23,,2.7885,amc,4,,428863160.0,ZD,2025
2026-02-23,,-0.3604,amc,4,,0.0,PEPG,2025
2026-02-23,,,,3,,,TLSS,2025
2026-02-23,,0.637,amc,4,,844173552.0,BMRN,2025
2026-02-23,,2.1505,amc,4,,3409592647.0,FANG,2025
2026-02-23,,0.0332,amc,4,,631606103.0,HIMS,2025
2026-02-23,,0.0875,amc,4,,91811454.0,OLO,2025
2026-02-23,,5.4242,bmo,4,,1534616179.0,DPZ,2025
2026-02-23,,-0.1768,amc,4,,396817556.0,DHC,2025
2026-02-23,,2.0352,amc,1,,1570846920.0,KEYS,2026
2026-02-23,,-0.4937,amc,4,,23414830.0,VIR,2025
2026-02-23,,0.1125,bmo,4,,121610736.0,WGS,2025
2026-02-23,,0.1326,amc,4,,328694388.0,APLE,2025
2026-02-23,,0.1707,amc,4,,577745340.0,SGHC,2025
2026-02-23,,0.3335,amc,4,,,INVX,2025
2026-02-23,,0.266,amc,4,,102153167.0,BSM,2025
2026-02-23,,,amc,4,,,PRPO,2025
2026-02-23,,1.9672,amc,4,,1011343596.0,JBTM,2025
2026-02-23,,0.2337,amc,4,,300697200.0,MAX,2025
2026-02-23,,0.3082,amc,4,,437687467.0,VNOM,2025
2026-02-23,,0.1061,bmo,4,,88604017.0,DEA,2025
2026-02-23,,,bmo,4,,,YSG,2025
2026-02-23,,-0.2071,amc,4,,66599400.0,OSG,2025
2026-02-23,,-0.0755,amc,4,,92727271.0,SMMT,2025
2026-02-23,,-3.8848,amc,4,,245845092.0,CTEV,2025
2026-02-23,,0.816,amc,4,,257318796.0,SSTK,2025
2026-02-23,,-0.2601,amc,4,,642044508.0,FWRD,2025
2026-02-23,,1.0302,amc,4,,67269612.0,IIPR,2025
2026-02-23,,0.9016,amc,4,,864416340.0,BWXT,2025
2026-02-22,,,,2,,,GROW,2026
